image,xmin,ymin,xmax,ymax
vid_4_1000.jpg,281.2590449,187.0350708,327.7279305,223.225547
vid_4_10000.jpg,15.16353111,187.0350708,120.3299566,236.4301802
vid_4_10040.jpg,239.1924747,176.7648005,361.9681621,236.4301802
vid_4_10020.jpg,496.4833575,172.3632561,630.0202605,231.5395753
vid_4_10060.jpg,16.63096961,186.5460103,132.5586107,238.3864221
vid_4_10100.jpg,447.568741,160.6258044,582.0839363,232.5176963
vid_4_10120.jpg,168.7554269,180.6772844,304.7380608,246.7004505
vid_4_10140.jpg,0,188.9913127,85.11143271,249.1457529
vid_4_1020.jpg,202.5065123,189.4803732,239.1924747,229.0942728
vid_4_1040.jpg,116.4167873,189.9694337,180.4949349,229.0942728
vid_4_10480.jpg,473.9826339,172.8523166,602.1389291,231.0505148
vid_4_10500.jpg,149.6787265,190.4584942,268.5412446,237.4083012
vid_4_10520.jpg,0,195.3490991,36.68596237,234.4739382
vid_4_1060.jpg,45.49059334,192.9037967,112.5036179,225.6708494
vid_4_10960.jpg,614.8567294,175.297619,676,217.3568211
vid_4_10980.jpg,398.6541245,188.5022523,518.0057887,236.9192407
vid_4_11000.jpg,149.1895803,194.8600386,265.6063676,242.0849421
vid_4_11020.jpg,0,197.7944015,75.81765557,237.4083012
vid_4_11240.jpg,497.4616498,184.1007079,633.9334298,231.0505148
vid_4_11260.jpg,275.878437,197.3053411,405.9913169,244.7442085
vid_4_11280.jpg,62.61070912,201.217825,186.853835,243.7660875
vid_4_11380.jpg,514.5817656,176.27574,615.8350217,229.0942728
vid_4_11400.jpg,331.1519537,192.4147362,429.959479,233.9848777
vid_4_11420.jpg,137.9392185,197.3053411,238.7033285,236.4301802
vid_4_11440.jpg,0,199.261583,74.35021708,235.9411197
vid_4_11900.jpg,524.3646889,184.5897683,624.6396527,219.3130631
vid_4_11880.jpg,618.7698987,181.6554054,676,218.8240026
vid_4_11920.jpg,410.3936324,193.8819176,516.0492041,225.6708494
vid_4_11940.jpg,286.1505065,192.4147362,383.0014472,228.6052124
vid_4_11960.jpg,156.5267728,195.8381596,256.8017366,230.0723938
vid_4_11980.jpg,54.78437048,194.8600386,145.7655572,234.4739382
vid_4_12000.jpg,0,196.3272201,50.38205499,227.6270914
vid_4_12040.jpg,642.2489146,178.7210425,676,213.9333977
vid_4_12100.jpg,440.2315485,176.7648005,521.4298119,216.8677606
vid_4_12060.jpg,595.2908828,180.1882239,650.5643994,215.4005792
vid_4_12080.jpg,535.1259045,176.7648005,591.3777135,214.9115187
vid_4_12120.jpg,334.0868307,178.231982,428.4920405,223.7146075
vid_4_12140.jpg,209.3545586,184.5897683,317.4558611,225.1817889
vid_4_12140.jpg,592.3560058,169.4288932,641.7597685,210.5099743
vid_4_12160.jpg,93.42691751,186.5460103,203.9739508,231.0505148
vid_4_12160.jpg,537.5716353,173.8304376,581.105644,205.1303089
vid_4_12160.jpg,640.7814761,168.9398327,676,222.7364865
vid_4_12180.jpg,5.86975398,186.5460103,90.49204052,231.5395753
vid_4_12180.jpg,482.7872648,174.8085586,518.984081,204.6412484
vid_4_12180.jpg,555.6700434,171.3851351,614.3675832,221.7583655
vid_4_12200.jpg,431.9160637,176.7648005,465.1780029,201.217825
vid_4_12200.jpg,473.0043415,172.8523166,518.4949349,225.1817889
vid_4_12220.jpg,398.6541245,179.210103,447.0795948,218.3349421
vid_4_12240.jpg,587.4645441,172.3632561,676,220.7802445
vid_4_12240.jpg,334.0868307,185.0788288,388.382055,212.9552767
vid_4_12260.jpg,485.7221418,187.5241313,667.6845152,235.9411197
vid_4_12260.jpg,282.7264834,184.1007079,321.3690304,217.3568211
vid_4_12280.jpg,327.2387844,193.8819176,502.3531114,250.6129344
vid_4_12280.jpg,229.4095514,187.0350708,271.9652677,212.9552767
vid_4_12300.jpg,192.2344428,189.9694337,221.0940666,209.0427928
vid_4_12300.jpg,168.2662808,204.1521879,327.2387844,253.0582368
vid_4_12300.jpg,386.4254703,185.5678893,554.2026049,230.5614543
vid_4_12300.jpg,415.7742402,169.4288932,586.975398,254.5254183
vid_4_12320.jpg,27.39218524,208.0646718,180.0057887,249.1457529
vid_4_12320.jpg,138.9175109,196.8162806,225.0072359,233.4958172
vid_4_12320.jpg,236.7467438,182.6335264,404.5238784,252.5691763
vid_4_12340.jpg,0,207.0865508,60.65412446,253.0582368
vid_4_12340.jpg,54.78437048,193.8819176,116.9059334,240.8317246
vid_4_12340.jpg,95.38350217,177.7429215,240.170767,259.9050837
vid_4_12360.jpg,0,187.0350708,114.9493488,249.1457529
vid_4_12360.jpg,80.70911722,191.9256757,173.6468886,245.7223295
vid_4_12380.jpg,2.93487699,185.5678893,105.1664255,235.9411197
vid_4_12480.jpg,22.50072359,166.4945302,309.6295224,303.9205277
vid_4_13580.jpg,438.76411,180.6772844,477.406657,207.5756113
vid_4_13620.jpg,247.9971056,186.0569498,434.8509407,261.8613256
vid_4_13640.jpg,327.2387844,179.210103,359.0332851,213.4443372
vid_4_13640.jpg,0,195.3490991,130.1128799,252.0801158
vid_4_13660.jpg,292.0202605,180.1882239,316.9667149,207.5756113
vid_4_13660.jpg,570.8335745,176.0617761,676,239.3645431
vid_4_13680.jpg,260.2257598,183.6116474,279.3024602,202.1959459
vid_4_13680.jpg,207.397974,195.3490991,388.8712012,253.0582368
vid_4_13680.jpg,475.4500724,173.8304376,620.2373372,221.7583655
vid_4_13700.jpg,0,194.3709781,81.68740955,246.21139
vid_4_13700.jpg,219.1374819,181.6554054,255.8234443,210.0209138
vid_4_13700.jpg,251.4211288,179.210103,374.1968162,239.8536036
vid_4_13700.jpg,379.577424,175.5727156,544.4196816,247.6785714
vid_4_13720.jpg,38.15340087,193.3928571,180.984081,250.1238739
vid_4_13720.jpg,189.2995658,183.6116474,228.431259,208.5537323
vid_4_13720.jpg,593.3342981,167.9617117,676,236.4301802
vid_4_13740.jpg,232.3444284,174.8085586,423.6005789,252.5691763
vid_4_13740.jpg,155.0593343,185.0788288,196.1476122,209.0427928
vid_4_13760.jpg,127.6671491,184.1007079,163.8639653,212.4662162
vid_4_13760.jpg,0,188.2882883,99.78581766,241.3207851
vid_4_13760.jpg,614.8567294,158.6695624,676,214.9115187
vid_4_13780.jpg,98.31837916,188.5022523,140.8740955,205.6193694
vid_4_13780.jpg,400.121563,148.3992921,561.5397974,235.4520592
vid_4_13800.jpg,162.8856729,160.1367439,315.0101302,229.5833333
vid_4_13800.jpg,554.2026049,176.27574,676,238.3864221
vid_4_13840.jpg,181.4732272,185.5678893,296.9117221,235.4520592
vid_4_13840.jpg,0,195.8381596,51.84949349,238.8754826
vid_4_13820.jpg,5.86975398,166.0054698,118.3733719,230.5614543
vid_4_13820.jpg,174.1360347,184.5897683,346.804631,253.0582368
vid_4_13820.jpg,432.894356,176.7648005,541.9739508,231.5395753
vid_4_13860.jpg,3.91316932,185.5678893,100.76411,228.6052124
vid_4_13860.jpg,434.8509407,184.5897683,600.1823444,247.1895109
vid_4_13860.jpg,609.4761216,173.6164736,676,216.3787001
vid_4_13900.jpg,141.8523878,182.6335264,253.8668596,231.0505148
vid_4_13880.jpg,64.07814761,191.4366152,216.2026049,246.7004505
vid_4_13880.jpg,392.2952243,173.8304376,512.6251809,226.6489704
vid_4_13920.jpg,0,188.9913127,68.96960926,229.0942728
vid_4_14140.jpg,343.869754,182.1444659,616.3241679,285.8252896
vid_4_14160.jpg,0,194.8600386,161.9073806,279.9565637
vid_4_14360.jpg,387.4037627,167.9617117,507.7337192,228.1161519
vid_4_14340.jpg,622.1939219,168.9398327,676,214.4224582
vid_4_14380.jpg,132.0694645,185.0788288,244.0839363,232.5176963
vid_4_14400.jpg,0,190.9475547,55.27351664,228.1161519
vid_4_14460.jpg,371.7510854,177.253861,486.7004342,226.1599099
vid_4_14440.jpg,583.5513748,170.8960746,676,213.4443372
vid_4_14480.jpg,152.6136035,190.4584942,252.8885673,229.5833333
vid_4_14500.jpg,0,191.9256757,88.53545586,229.0942728
vid_4_15000.jpg,515.0709117,174.3194981,676,238.8754826
vid_4_15020.jpg,183.4298119,188.5022523,360.5007236,258.4379022
vid_4_15040.jpg,0,194.8600386,85.60057887,249.1457529
vid_4_16000.jpg,407.4587554,186.5460103,495.015919,234.4739382
vid_4_16020.jpg,244.0839363,193.3928571,338.9782923,237.8973616
vid_4_16040.jpg,100.76411,188.0131918,193.2127352,238.8754826
vid_4_16060.jpg,0,194.8600386,72.88277858,233.9848777
vid_4_16100.jpg,600.6714906,178.231982,676,231.5395753
vid_4_16120.jpg,451.9710564,181.6554054,581.5947902,228.6052124
vid_4_16140.jpg,287.1287988,188.5022523,413.3285094,233.7709138
vid_4_16160.jpg,131.5803184,192.4147362,246.040521,238.3864221
vid_4_16180.jpg,9.7829233,194.3709781,112.0144718,233.9848777
vid_4_16280.jpg,594.3125904,172.8523166,671.1085384,214.9115187
vid_4_16320.jpg,448.0578871,179.6991634,497.9507959,215.8896396
vid_4_16300.jpg,513.1143271,176.27574,584.5296671,217.3568211
vid_4_16400.jpg,243.5947902,189.9694337,271.4761216,210.5099743
vid_4_16420.jpg,207.397974,190.9475547,237.7250362,212.9552767
vid_4_16500.jpg,232.3444284,193.3928571,390.3386397,254.0363578
vid_4_16660.jpg,414.7959479,185.5678893,597.2474674,246.7004505
vid_4_16680.jpg,60.65412446,196.8162806,212.7785818,251.5910553
vid_4_16700.jpg,440.7206946,176.7648005,613.878437,244.7442085
vid_4_16720.jpg,64.56729378,192.9037967,215.2243126,261.3722651
vid_4_17040.jpg,529.7452967,162.5820463,676,226.6489704
vid_4_17060.jpg,277.3458755,171.3851351,426.5354559,235.9411197
vid_4_17080.jpg,42.06657019,181.1663449,182.9406657,238.3864221
vid_4_17100.jpg,499.4182344,185.0788288,609.4761216,232.5176963
vid_4_17140.jpg,16.63096961,199.7506435,105.1664255,238.3864221
vid_4_17140.jpg,544.9088278,174.8085586,657.4124457,229.0942728
vid_4_17120.jpg,218.1591896,195.3490991,337.0217077,239.3645431
vid_4_17160.jpg,290.0636758,192.9037967,409.4153401,234.9629987
vid_4_17180.jpg,67.0130246,200.7287645,171.2011577,239.3645431
vid_4_17240.jpg,421.154848,185.5678893,578.6599132,248.1676319
vid_4_17260.jpg,47.93632417,195.8381596,193.7018813,250.1238739
vid_4_17320.jpg,262.1823444,176.7648005,561.0506512,308.3220721
vid_4_17340.jpg,0,190.9475547,133.536903,279.4675032
vid_4_17340.jpg,154.5701881,189.9694337,274.4109986,242.298906
vid_4_17360.jpg,0,193.8819176,60.16497829,235.4520592
vid_4_17400.jpg,504.7988423,179.6991634,614.3675832,229.5833333
vid_4_17440.jpg,0,191.4366152,82.66570188,237.4083012
vid_4_17420.jpg,195.1693198,195.3490991,322.8364689,240.3426641
vid_4_17560.jpg,0,183.6116474,86.5788712,246.7004505
vid_4_17560.jpg,185.3863965,178.7210425,305.2272069,236.9192407
vid_4_17560.jpg,548.8219971,181.1663449,676,244.041184
vid_4_17540.jpg,250.9319826,183.6116474,433.8726483,252.0801158
vid_4_17540.jpg,473.0043415,173.3413771,606.0520984,228.1161519
vid_4_17580.jpg,143.8089725,196.8162806,315.9884226,256.4816602
vid_4_17580.jpg,0,190.9475547,77.77424023,233.0067568
vid_4_1760.jpg,461.2648336,179.6991634,573.7684515,224.203668
vid_4_17600.jpg,573.2793054,173.3413771,676,237.4083012
vid_4_17620.jpg,160.4399421,196.8162806,333.5976845,257.4597812
vid_4_17620.jpg,422.1331404,176.7648005,569.366136,233.4958172
vid_4_17640.jpg,125.2214182,187.0350708,266.0955137,236.4301802
vid_4_17640.jpg,614.8567294,178.7210425,676,231.5395753
vid_4_17660.jpg,238.2141823,198.7725225,409.4153401,251.1019949
vid_4_17660.jpg,0,193.8819176,56.25180897,233.4958172
vid_4_17680.jpg,0,196.8162806,68.4804631,244.7442085
vid_4_1780.jpg,231.8552822,193.3928571,330.1736614,228.1161519
vid_4_1780.jpg,540.5065123,164.5382883,676,240.3426641
vid_4_1800.jpg,40.59913169,195.8381596,130.602026,228.6052124
vid_4_1800.jpg,141.3632417,178.7210425,322.3473227,258.4379022
vid_4_1800.jpg,537.0824891,181.6554054,652.5209841,222.7364865
vid_4_18180.jpg,333.1085384,183.1225869,505.2879884,250.1238739
vid_4_1820.jpg,318.4341534,188.5022523,424.089725,226.9240669
vid_4_1820.jpg,540.9956585,164.0492278,676,245.7223295
vid_4_18200.jpg,27.8813314,195.8381596,158.4833575,253.5472973
vid_4_18320.jpg,491.5918958,174.8085586,624.6396527,223.225547
vid_4_18360.jpg,17.60926194,192.4147362,130.1128799,240.3426641
vid_4_18340.jpg,227.9421129,186.0569498,359.5224313,236.9192407
vid_4_1840.jpg,108.5904486,186.0569498,287.1287988,267.240991
vid_4_1840.jpg,313.5426918,178.7210425,467.6237337,233.9848777
vid_4_1860.jpg,81.19826339,187.0350708,202.5065123,241.8098456
vid_4_1860.jpg,0,198.283462,46.46888567,232.0286358
vid_4_1860.jpg,590.3994211,182.1444659,675.0217077,238.3864221
vid_4_1880.jpg,161.9073806,194.3709781,345.3371925,267.240991
vid_4_1880.jpg,523.8755427,181.1663449,615.3458755,215.4005792
vid_4_1880.jpg,582.0839363,172.8523166,676,224.967825
vid_4_18820.jpg,565.4529667,170.8960746,676,222.7364865
vid_4_18840.jpg,288.5962373,182.1444659,430.9377713,235.4520592
vid_4_18860.jpg,39.62083936,190.9475547,157.015919,239.3645431
vid_4_18860.jpg,512.1360347,169.9179537,673.5542692,248.6566924
vid_4_18880.jpg,134.5151954,187.0350708,294.9551375,252.5691763
vid_4_1900.jpg,318.4341534,180.1882239,442.1881331,234.9629987
vid_4_19040.jpg,548.3328509,178.7210425,659.3690304,227.6270914
vid_4_19060.jpg,242.6164978,190.4584942,359.5224313,237.8973616
vid_4_19080.jpg,5.380607815,190.9475547,103.698987,232.0286358
vid_4_1920.jpg,80.21997106,193.3928571,179.0274964,239.8536036
vid_4_1920.jpg,158.4833575,193.8819176,213.7568741,232.0286358
vid_4_1940.jpg,3.91316932,196.8162806,73.86107091,226.1599099
vid_4_1940.jpg,615.3458755,172.3632561,671.1085384,212.9552767
vid_4_1960.jpg,435.829233,179.6991634,540.9956585,218.8240026
vid_4_1960.jpg,470.0694645,188.0131918,596.2691751,229.0942728
vid_4_19760.jpg,351.2069465,179.6991634,485.2329957,235.9411197
vid_4_19780.jpg,86.5788712,191.9256757,194.1910275,234.4739382
vid_4_19740.jpg,617.7916064,175.297619,674.0434153,215.8896396
vid_4_1980.jpg,220.1157742,191.4366152,340.934877,241.3207851
vid_4_1980.jpg,351.6960926,189.9694337,449.5253256,231.5395753
vid_4_1980.jpg,545.397974,176.7648005,664.7496382,228.6052124
vid_4_19880.jpg,434.3617945,182.6335264,558.1157742,230.5614543
vid_4_19900.jpg,147.7221418,192.9037967,269.0303907,238.3864221
vid_4_19920.jpg,0,197.7944015,53.31693198,232.5176963
vid_4_2000.jpg,22.50072359,203.6631274,127.1780029,239.3645431
vid_4_2000.jpg,84.62228654,189.9694337,168.7554269,232.5176963
vid_4_2000.jpg,144.7872648,196.1132561,249.9536903,234.9629987
vid_4_2000.jpg,307.1837916,188.9913127,445.6121563,244.7442085
vid_4_2000.jpg,472.0260492,185.5678893,565.4529667,222.247426
vid_4_2020.jpg,13.20694645,198.283462,88.0463097,232.5176963
vid_4_2020.jpg,85.60057887,199.261583,194.1910275,241.3207851
vid_4_2020.jpg,273.9218524,196.8162806,370.2836469,232.5176963
vid_4_2020.jpg,601.1606368,179.210103,676,224.6927284
vid_4_2040.jpg,100.76411,202.1959459,191.7452967,234.4739382
vid_4_2040.jpg,0,205.6193694,35.21852388,233.9848777
vid_4_2040.jpg,390.8277858,182.1444659,519.4732272,233.7709138
vid_4_2040.jpg,572.301013,178.7210425,676,238.8754826
vid_4_2060.jpg,0.489146165,196.8162806,63.58900145,227.6270914
vid_4_2060.jpg,160.4399421,195.8381596,281.748191,237.4083012
vid_4_2060.jpg,195.658466,202.4710425,360.0115774,255.5035393
vid_4_2060.jpg,491.5918958,184.5897683,597.7366136,222.7364865
vid_4_2080.jpg,16.14182344,194.8600386,92.44862518,229.5833333
vid_4_2080.jpg,0,202.6850064,48.9146165,238.3864221
vid_4_2080.jpg,290.552822,188.9913127,389.8494935,230.0723938
vid_4_2080.jpg,605.0738061,176.27574,676,218.3349421
vid_4_2100.jpg,103.698987,193.8819176,195.658466,233.0067568
vid_4_2100.jpg,388.382055,175.7866795,505.7771346,235.9411197
vid_4_2100.jpg,546.3762663,172.8523166,676,231.0505148
vid_4_21160.jpg,514.0926194,170.8960746,653.4992764,224.6927284
vid_4_21180.jpg,252.8885673,184.1007079,397.186686,235.9411197
vid_4_2120.jpg,0,189.9694337,53.31693198,228.1161519
vid_4_2120.jpg,154.081042,191.9256757,326.7496382,251.5910553
vid_4_2120.jpg,360.0115774,187.0350708,456.3733719,224.4787645
vid_4_21200.jpg,39.1316932,189.9694337,154.5701881,230.0723938
vid_4_21220.jpg,533.1693198,175.7866795,638.3357453,215.4005792
vid_4_21240.jpg,272.9435601,184.5897683,383.0014472,232.0286358
vid_4_21240.jpg,596.7583213,180.6772844,676,235.9411197
vid_4_21260.jpg,48.9146165,188.0131918,141.3632417,232.0286358
vid_4_21260.jpg,223.5397974,188.9913127,384.4688857,248.1676319
vid_4_21280.jpg,0,192.4147362,58.20839363,235.4520592
vid_4_21300.jpg,490.1244573,181.6554054,667.195369,241.8098456
vid_4_21320.jpg,102.2315485,195.8381596,250.9319826,250.6129344
vid_4_2140.jpg,8.315484805,191.9256757,83.64399421,233.0067568
vid_4_2140.jpg,163.8639653,194.8600386,248.4862518,227.6270914
vid_4_2140.jpg,464.1997106,180.1882239,659.8581766,251.5910553
vid_4_21420.jpg,186.3646889,195.3490991,307.6729378,240.6177606
vid_4_21400.jpg,482.7872648,178.231982,603.1172214,223.7146075
vid_4_21440.jpg,0,195.8381596,80.21997106,231.5395753
vid_4_21480.jpg,342.8914616,186.0569498,522.8972504,245.233269
vid_4_21480.jpg,548.8219971,176.27574,658.3907381,215.4005792
vid_4_21500.jpg,291.5311143,185.5678893,417.2416787,228.1161519
vid_4_21500.jpg,6.84804631,198.7725225,143.8089725,248.6566924
vid_4_21520.jpg,61.14327062,193.3928571,162.8856729,234.4739382
vid_4_21560.jpg,374.1968162,187.5241313,501.3748191,226.6489704
vid_4_21560.jpg,520.4515195,165.5164093,676,245.7223295
vid_4_21540.jpg,608.4978292,172.8523166,676,213.4443372
vid_4_21580.jpg,130.1128799,191.4366152,295.9334298,248.6566924
vid_4_21620.jpg,459.3082489,184.1007079,627.0853835,242.7879665
vid_4_21600.jpg,0,197.7944015,48.42547033,233.2818533
vid_4_21640.jpg,75.81765557,196.8162806,229.8986975,250.6129344
vid_4_21640.jpg,423.1114327,175.7866795,554.2026049,228.6052124
vid_4_2160.jpg,8.80463097,205.1303089,87.06801737,228.6052124
vid_4_2160.jpg,67.99131693,200.239704,234.301013,256.9707207
vid_4_2160.jpg,344.3589001,197.7944015,462.2431259,241.3207851
vid_4_21660.jpg,151.6353111,191.9256757,278.813314,235.4520592
vid_4_21680.jpg,0,193.8819176,71.90448625,237.4083012
vid_4_2180.jpg,121.7973951,197.7944015,229.4095514,241.8098456
vid_4_2200.jpg,0,203.6631274,56.74095514,234.4739382
vid_4_22240.jpg,26.90303907,193.3928571,174.1360347,253.3333333
vid_4_22220.jpg,395.2301013,171.8741956,579.1490593,245.233269
vid_4_22560.jpg,268.5412446,190.9475547,382.0231548,239.3645431
vid_4_22540.jpg,561.5397974,183.6116474,675.5108538,224.6927284
vid_4_22580.jpg,21.52243126,199.261583,117.3950796,239.8536036
vid_4_22640.jpg,550.2894356,168.4507722,676,240.8317246
vid_4_22660.jpg,150.1678726,184.5897683,316.9667149,260.3941441
vid_4_22700.jpg,423.1114327,184.5897683,555.1808973,227.1380309
vid_4_22720.jpg,155.0593343,193.8819176,267.0738061,236.9192407
vid_4_22740.jpg,0,200.7287645,58.6975398,236.4301802
vid_4_22980.jpg,536.1041968,182.1444659,656.4341534,225.1817889
vid_4_23000.jpg,260.2257598,196.8162806,378.5991317,236.9192407
vid_4_23020.jpg,28.85962373,199.7506435,134.0260492,236.9192407
vid_4_2380.jpg,485.2329957,185.5678893,587.9536903,227.6270914
vid_4_2400.jpg,228.9204052,192.9037967,337.0217077,244.7442085
vid_4_2420.jpg,25.92474674,193.3928571,112.9927641,234.9629987
vid_4_24760.jpg,69.45875543,201.217825,166.7988423,229.0942728
vid_4_2520.jpg,466.6454414,172.3632561,673.5542692,242.298906
vid_4_2540.jpg,28.37047757,188.0131918,221.0940666,255.5035393
vid_4_26300.jpg,580.1273517,177.253861,663.2821997,210.5099743
vid_4_26320.jpg,486.211288,177.253861,576.2141823,211.9771557
vid_4_26320.jpg,617.7916064,172.8523166,675.0217077,207.0865508
vid_4_26340.jpg,373.70767,188.5022523,467.1345876,222.7364865
vid_4_26340.jpg,492.5701881,183.1225869,624.1505065,220.7802445
vid_4_26340.jpg,606.5412446,175.297619,664.7496382,212.9552767
vid_4_26360.jpg,264.6280753,191.4366152,333.5976845,222.7364865
vid_4_26360.jpg,337.5108538,185.5678893,460.7756874,232.0286358
vid_4_26360.jpg,503.3314038,186.0569498,585.9971056,216.3787001
vid_4_26360.jpg,623.1722142,174.3194981,676,217.3568211
vid_4_26380.jpg,152.6136035,197.7944015,213.7568741,224.203668
vid_4_26380.jpg,171.2011577,194.8600386,282.7264834,231.5395753
vid_4_26380.jpg,408.4370478,184.5897683,490.6136035,220.291184
vid_4_26380.jpg,506.2662808,173.3413771,620.7264834,219.8021236
vid_4_26380.jpg,603.6063676,185.5678893,665.2387844,207.5756113
vid_4_26420.jpg,2.445730825,197.3053411,42.55571635,231.0505148
vid_4_26420.jpg,198.593343,188.5022523,307.6729378,235.9411197
vid_4_26420.jpg,391.8060781,189.4803732,489.6353111,221.7583655
vid_4_26420.jpg,499.4182344,181.1663449,625.1287988,219.8021236
vid_4_26420.jpg,585.0188133,181.1663449,657.4124457,210.9990347
vid_4_26400.jpg,29.83791606,193.8819176,143.8089725,235.9411197
vid_4_26400.jpg,304.2489146,188.0131918,389.3603473,222.247426
vid_4_26400.jpg,361.4790159,183.1225869,470.5586107,227.1380309
vid_4_26400.jpg,491.5918958,183.1225869,586.975398,219.3130631
vid_4_26400.jpg,616.813314,179.6991634,676,217.8458816
vid_4_26440.jpg,56.25180897,191.4366152,163.8639653,232.0286358
vid_4_26440.jpg,287.1287988,190.4584942,367.3487699,219.3130631
vid_4_26440.jpg,361.4790159,188.0131918,484.2547033,228.1161519
vid_4_26440.jpg,480.341534,182.6335264,563.0072359,214.9115187
vid_4_26440.jpg,582.5730825,177.7429215,676,218.3349421
vid_4_26480.jpg,61.63241679,199.7506435,166.3096961,234.4739382
vid_4_26480.jpg,254.845152,185.0788288,337.0217077,223.225547
vid_4_26480.jpg,337.5108538,193.8819176,440.7206946,233.4958172
vid_4_26480.jpg,466.1562952,179.6991634,550.7785818,220.291184
vid_4_26500.jpg,0,200.239704,61.63241679,231.5395753
vid_4_26500.jpg,146.2547033,197.3053411,216.2026049,229.0942728
vid_4_26500.jpg,202.5065123,199.261583,297.4008683,237.4083012
vid_4_26500.jpg,359.0332851,183.6116474,446.5904486,228.6052124
vid_4_26460.jpg,0,194.8600386,42.55571635,232.5176963
vid_4_26460.jpg,34.72937771,191.4366152,84.62228654,226.6489704
vid_4_26460.jpg,179.5166425,202.6850064,252.8885673,230.5614543
vid_4_26460.jpg,197.1259045,192.9037967,319.9015919,233.9848777
vid_4_26460.jpg,364.4138929,181.6554054,454.4167873,219.8021236
vid_4_26460.jpg,473.4934877,185.5678893,573.2793054,227.1380309
vid_4_26460.jpg,563.4963821,177.253861,652.5209841,213.9333977
vid_4_26520.jpg,81.19826339,197.5804376,171.2011577,235.9411197
vid_4_26520.jpg,52.82778582,198.283462,113.9710564,221.7583655
vid_4_26520.jpg,244.5730825,186.0569498,326.7496382,225.6708494
vid_4_26540.jpg,0,195.3490991,75.81765557,233.4958172
vid_4_26540.jpg,139.8958032,190.9475547,220.1157742,228.6052124
vid_4_26560.jpg,52.82778582,195.3490991,122.7756874,226.6489704
vid_4_26580.jpg,0,195.8381596,50.38205499,223.7146075
vid_4_28220.jpg,43.04486252,195.3490991,144.7872648,233.0067568
vid_4_28220.jpg,188.8104197,180.1882239,300.3357453,222.247426
vid_4_28200.jpg,298.3791606,183.6116474,405.5021708,229.5833333
vid_4_28200.jpg,395.2301013,173.8304376,508.2228654,221.7583655
vid_4_28240.jpg,33.75108538,185.5678893,122.7756874,225.6708494
vid_4_28440.jpg,599.6931983,177.7429215,656.9232996,205.6193694
vid_4_28840.jpg,238.7033285,191.4366152,322.8364689,225.1817889
vid_4_28820.jpg,417.2416787,185.5678893,510.6685962,221.269305
vid_4_28880.jpg,0,195.3490991,45.97973951,228.6052124
vid_4_28860.jpg,80.21997106,193.3928571,168.2662808,231.5395753
vid_4_29460.jpg,545.8871201,176.27574,630.5094067,212.9552767
vid_4_29480.jpg,345.8263386,182.1444659,428.9811867,223.225547
vid_4_29500.jpg,135.0043415,191.4366152,225.4963821,227.1380309
vid_4_29520.jpg,0,190.4584942,58.6975398,228.6052124
vid_4_29520.jpg,545.8871201,175.297619,655.4558611,222.7364865
vid_4_29540.jpg,279.7916064,188.0131918,391.316932,231.5395753
vid_4_29560.jpg,43.04486252,188.9913127,145.276411,233.4958172
vid_4_29880.jpg,169.2445731,197.3053411,253.3777135,227.6270914
vid_4_29880.jpg,194.1910275,193.3928571,366.8596237,261.3722651
vid_4_29880.jpg,423.1114327,188.0131918,493.5484805,219.3130631
vid_4_29880.jpg,604.0955137,175.297619,676,210.0209138
vid_4_29900.jpg,30.81620839,200.239704,113.4819103,228.1161519
vid_4_29900.jpg,284.683068,194.3709781,454.9059334,266.26287
vid_4_29900.jpg,446.1013025,181.6554054,527.788712,217.8458816
vid_4_29920.jpg,151.146165,195.8381596,216.2026049,222.7364865
vid_4_29920.jpg,247.9971056,188.0131918,331.1519537,227.1380309
vid_4_29920.jpg,382.0231548,181.6554054,553.7134588,260.3941441
vid_4_29920.jpg,642.2489146,180.1882239,676,202.6850064
vid_4_29940.jpg,40.59913169,199.7506435,102.7206946,225.1817889
vid_4_29940.jpg,95.38350217,194.8600386,164.3531114,227.6270914
vid_4_29940.jpg,475.9392185,183.1225869,649.0969609,250.6129344
vid_4_30000.jpg,100.2749638,192.9037967,169.7337192,225.6708494
vid_4_30000.jpg,531.2127352,173.8304376,626.1070912,209.0427928
vid_4_29980.jpg,222.0723589,198.283462,287.617945,224.203668
vid_4_29960.jpg,0,195.8381596,45.97973951,231.5395753
vid_4_29960.jpg,366.3704776,192.9037967,437.7858177,221.269305
vid_4_29960.jpg,572.7901592,178.7210425,676,243.7660875
vid_4_30020.jpg,11.73950796,194.3709781,76.30680174,225.1817889
vid_4_30020.jpg,394.7409551,180.1882239,491.1027496,218.3349421
vid_4_30440.jpg,189.2995658,192.9037967,287.617945,233.0067568
vid_4_3120.jpg,516.5383502,181.6554054,648.1186686,227.1380309
vid_4_3160.jpg,0,191.4366152,51.84949349,236.4301802
vid_4_3160.jpg,614.3675832,178.7210425,676,229.5833333
vid_4_3140.jpg,183.4298119,190.9475547,305.2272069,240.3426641
vid_4_3180.jpg,187.3429812,193.8819176,373.2185239,255.5035393
vid_4_3180.jpg,333.5976845,188.9913127,436.3183792,233.0067568
vid_4_3200.jpg,31.79450072,195.8381596,136.47178,237.8973616
vid_4_3220.jpg,444.1447178,188.0131918,557.6266281,231.5395753
vid_4_3240.jpg,167.2879884,199.261583,270.9869754,240.8317246
vid_4_3260.jpg,0,196.8162806,52.82778582,235.4520592
vid_4_3380.jpg,68.96960926,191.9256757,159.9507959,230.0723938
vid_4_3360.jpg,275.878437,187.5241313,389.3603473,227.1380309
vid_4_3340.jpg,527.788712,175.7866795,630.9985528,219.8021236
vid_4_3440.jpg,230.3878437,184.5897683,414.7959479,251.5910553
vid_4_3460.jpg,0,190.4584942,58.6975398,246.21139
vid_4_3520.jpg,566.9204052,178.7210425,676,222.7364865
vid_4_3540.jpg,236.2575977,193.3928571,350.2286541,238.8754826
vid_4_3560.jpg,0,198.7725225,70.43704776,236.9192407
vid_4_3820.jpg,305.7163531,186.0569498,428.0028944,237.8973616
vid_4_3800.jpg,592.845152,172.8523166,676,222.247426
vid_4_3840.jpg,39.62083936,196.8162806,145.7655572,244.255148
vid_4_4540.jpg,231.366136,183.6116474,353.1635311,227.6270914
vid_4_4520.jpg,443.6555716,168.9398327,566.9204052,217.3568211
vid_4_4560.jpg,40.59913169,191.9256757,147.7221418,236.9192407
vid_4_600.jpg,286.6396527,187.5241313,407.9479016,232.0286358
vid_4_6160.jpg,560.5615051,183.6116474,626.1070912,209.5318533
vid_4_6160.jpg,585.5079595,169.4288932,676,211.9771557
vid_4_6180.jpg,425.0680174,177.253861,559.0940666,225.1817889
vid_4_6180.jpg,600.1823444,170.8960746,676,209.0427928
vid_4_6200.jpg,241.1490593,181.6554054,361.9681621,227.6270914
vid_4_6200.jpg,480.341534,182.1444659,575.23589,216.3787001
vid_4_620.jpg,19.5658466,193.8819176,113.4819103,233.2818533
vid_4_6220.jpg,84.13314038,191.9256757,195.1693198,233.0067568
vid_4_6220.jpg,159.4616498,195.3490991,229.4095514,221.269305
vid_4_6220.jpg,330.6628075,190.9475547,426.5354559,223.7146075
vid_4_6220.jpg,550.7785818,186.5460103,662.7930535,222.7364865
vid_4_6240.jpg,0,194.3709781,61.14327062,235.4520592
vid_4_6240.jpg,39.62083936,195.8381596,112.0144718,227.6270914
vid_4_6240.jpg,178.5383502,196.8162806,270.9869754,227.6270914
vid_4_6240.jpg,393.2735166,188.0131918,510.6685962,233.2818533
vid_4_6240.jpg,525.3429812,176.27574,631.487699,212.9552767
vid_4_6240.jpg,645.1837916,179.6991634,676,217.8458816
vid_4_6260.jpg,63.58900145,199.7506435,143.3198263,230.0723938
vid_4_6260.jpg,213.7568741,194.8600386,326.260492,237.4083012
vid_4_6260.jpg,399.1432706,179.6991634,504.7988423,223.5006435
vid_4_6260.jpg,510.6685962,185.5678893,622.1939219,224.203668
vid_4_6260.jpg,597.7366136,170.4070142,667.6845152,212.9552767
vid_4_6280.jpg,0,199.7506435,38.15340087,225.6708494
vid_4_6280.jpg,58.20839363,197.7944015,166.3096961,230.0723938
vid_4_6280.jpg,262.6714906,190.9475547,360.9898698,223.7146075
vid_4_6280.jpg,349.739508,189.4803732,469.5803184,233.0067568
vid_4_6280.jpg,464.6888567,176.27574,557.1374819,220.291184
vid_4_6320.jpg,38.15340087,193.3928571,141.3632417,233.9848777
vid_4_6320.jpg,167.7771346,185.5678893,257.2908828,226.1599099
vid_4_6300.jpg,0,192.9037967,46.46888567,234.4739382
vid_4_6300.jpg,134.0260492,190.9475547,221.5832127,226.6489704
vid_4_6300.jpg,186.853835,195.3490991,296.9117221,238.3864221
vid_4_6300.jpg,308.1620839,180.6772844,406.9696093,221.7583655
vid_4_6340.jpg,55.76266281,188.5022523,135.4934877,230.0723938
vid_4_6340.jpg,0,200.7287645,32.77279305,232.0286358
vid_4_6360.jpg,0,188.5022523,37.6642547,222.7364865
vid_4_6360.jpg,607.0303907,176.27574,676,218.3349421
vid_4_6380.jpg,405.0130246,181.6554054,528.7670043,227.1380309
vid_4_6380.jpg,525.3429812,184.1007079,599.6931983,217.8458816
vid_4_6400.jpg,159.4616498,184.1007079,286.1505065,228.1161519
vid_4_6400.jpg,346.3154848,190.4584942,445.6121563,218.8240026
vid_4_6420.jpg,6.358900145,184.1007079,105.1664255,230.0723938
vid_4_6420.jpg,191.2561505,188.5022523,268.5412446,226.1599099
vid_4_6420.jpg,612.4109986,179.6991634,676,212.4662162
vid_4_6440.jpg,56.74095514,192.4147362,134.0260492,226.1599099
vid_4_6440.jpg,415.7742402,180.1882239,528.7670043,223.225547
vid_4_6440.jpg,534.1476122,178.7210425,609.4761216,211.9771557
vid_4_6460.jpg,184.4081042,191.9256757,290.0636758,229.5833333
vid_4_6460.jpg,357.0767004,182.1444659,445.1230101,220.291184
vid_4_6480.jpg,17.12011577,199.261583,113.4819103,236.4301802
vid_4_6480.jpg,184.4081042,192.9037967,289.5745297,226.6489704
vid_4_6500.jpg,67.0130246,195.3490991,140.8740955,233.0067568
vid_4_6520.jpg,0,197.3053411,35.70767004,224.6927284
vid_4_680.jpg,570.3444284,187.0350708,676,254.5254183
vid_4_700.jpg,250.4428365,197.3053411,510.1794501,283.3799871
vid_4_700.jpg,586.4862518,181.1663449,676,248.1676319
vid_4_720.jpg,0,194.0045396,189.2011662,273.3560311
vid_4_720.jpg,283.8017493,194.0045396,530.6501458,278.7775616
vid_4_740.jpg,0,196.3528174,205.3109978,273.1403821
vid_4_8240.jpg,439.6707939,180.601522,564.2359796,221.4564443
vid_4_8220.jpg,550.9424618,178.6326101,665.6605972,220.9642163
vid_4_8260.jpg,333.8150036,180.601522,452.9643117,230.8087759
vid_4_8280.jpg,225.9898034,188.4771697,331.3532411,232.2854598
vid_4_8320.jpg,41.35761107,195.8605894,133.9198835,230.8087759
vid_4_8340.jpg,0,194.8761334,56.12818645,227.855408
vid_4_8300.jpg,124.5651857,192.9072215,225.0050983,234.7465997
vid_4_8560.jpg,179.7086672,191.4305376,281.1332848,226.8709521
vid_4_860.jpg,292.4573926,193.3994495,447.5484341,247.0522992
vid_4_8580.jpg,77.79169701,190.4460816,168.8769119,226.8709521
vid_4_8600.jpg,0.9847050255,188.4771697,77.2993445,223.9175842
vid_4_8640.jpg,639.5659141,181.585978,676,211.6118847
vid_4_8660.jpg,499.2454479,180.109294,589.8383103,215.0574806
vid_4_8680.jpg,358.9249818,187.9849417,432.2855062,220.9642163
vid_4_8700.jpg,199.8951202,192.9072215,276.7021122,224.4098122
vid_4_8720.jpg,69.91405681,199.3061852,143.2745812,229.332092
vid_4_8740.jpg,0,200.7828692,38.89584851,229.332092
vid_4_880.jpg,0,196.8450453,97.97815004,243.1144754
vid_4_8960.jpg,7.385287691,192.4149935,133.427531,237.2077396
vid_4_8980.jpg,8.369992717,189.9538536,112.7487254,233.2699158
vid_4_9000.jpg,10.83175528,184.5393459,101.4246176,225.3942681
vid_4_900.jpg,634.1500364,171.2491904,676,198.3217293
vid_4_9020.jpg,8.862345229,194.3839054,86.16168973,225.8864961
vid_4_9040.jpg,11.81646031,196.3528174,76.31463948,228.839864
vid_4_9040.jpg,443.609614,187.0004858,555.8659869,223.4253562
vid_4_9060.jpg,213.6809905,194.3839054,304.7662054,232.2854598
vid_4_9060.jpg,10.33940277,196.3528174,63.02112163,223.9175842
vid_4_9080.jpg,11.81646031,197.8295013,48.74289876,214.5652526
vid_4_9080.jpg,27.57174071,204.720693,106.8404953,228.839864
vid_4_920.jpg,539.1260015,163.8657707,676,229.332092
vid_4_9200.jpg,524.3554261,167.8035946,591.8077203,200.2906412
vid_4_9220.jpg,347.600874,178.6326101,428.8390386,213.5807966
vid_4_9240.jpg,189.5557174,182.5704339,250.607429,211.6118847
vid_4_9260.jpg,64.49817917,194.3839054,122.1034232,216.5341645
vid_4_9260.jpg,605.5935907,166.3269106,676,203.736237
vid_4_9280.jpg,2.461762564,192.4149935,28.55644574,216.0419365
vid_4_9280.jpg,436.2243263,175.6792422,519.9242535,203.2440091
vid_4_9300.jpg,237.8062637,180.601522,316.5826657,212.5963407
vid_4_9300.jpg,435.7319738,171.7414184,527.3095412,215.5497085
vid_4_9320.jpg,169.3692644,185.5238018,259.9621267,218.5030764
vid_4_9320.jpg,74.34522942,190.9383096,142.2898762,216.5341645
vid_4_9340.jpg,0,191.4305376,63.51347414,216.5341645
vid_4_940.jpg,137.8587036,185.5238018,308.212673,245.5756153
vid_4_940.jpg,509.5848507,181.09375,575.5600874,213.0885687
vid_4_9420.jpg,424.9002185,174.6947863,532.7254188,219.4875324
vid_4_9460.jpg,0,189.4616256,59.57465404,225.3942681
vid_4_9440.jpg,154.1063365,182.5704339,247.6533139,223.9175842
vid_4_9500.jpg,557.3430444,169.7725065,676,222.9331282
vid_4_9520.jpg,255.0386016,181.09375,376.1573197,236.2232837
vid_4_9520.jpg,617.410051,182.078206,676,208.1662889
vid_4_9540.jpg,14.77057538,189.4616256,111.7640204,228.839864
vid_4_9540.jpg,375.6649672,173.2181023,532.7254188,228.839864
vid_4_9560.jpg,82.71522214,185.0315738,215.6504006,238.1921956
vid_4_9560.jpg,212.6962855,195.3683614,277.6868172,226.3787241
vid_4_9560.jpg,501.7072105,173.7103303,625.2876912,220.4719883
vid_4_9580.jpg,271.2862345,183.5548899,385.019665,228.347636
vid_4_9580.jpg,32.98761835,199.7984132,105.8557902,228.839864
vid_4_960.jpg,437.7013838,183.5548899,494.8142753,211.6118847
vid_4_9600.jpg,79.26875455,189.9538536,189.5557174,231.7932319
vid_4_9600.jpg,435.7319738,184.5393459,568.6671522,233.2699158
vid_4_9640.jpg,62.03641661,195.8605894,141.3051712,234.2543718
vid_4_9640.jpg,257.9927167,185.0315738,386.989075,241.1455635
vid_4_9660.jpg,12.30881282,193.8916775,115.210488,238.1921956
vid_4_9620.jpg,0,196.3528174,42.3423161,225.8864961
vid_4_9620.jpg,111.7640204,194.8761334,226.9745084,241.6377915
vid_4_9620.jpg,243.7144938,191.4305376,340.2155863,229.8243199
vid_4_9620.jpg,562.7589221,178.6326101,676,223.4253562
vid_4_9720.jpg,361.3867444,191.4305376,467.2425346,225.3942681
vid_4_9760.jpg,0,197.8295013,39.38820102,230.3165479
vid_4_9760.jpg,257.0080117,178.1403821,455.9184268,242.1300194
vid_4_9760.jpg,471.1813547,177.6481541,575.0677349,222.9331282
vid_4_9740.jpg,125.0575382,191.4305376,224.0203933,233.7621438
vid_4_9700.jpg,587.8689002,184.0471179,676,223.4253562
vid_4_9780.jpg,204.8186453,193.3994495,315.1056082,231.7932319
vid_4_9780.jpg,0,187.0004858,112.2563729,241.1455635
vid_4_980.jpg,362.3714494,187.4927137,407.6678806,218.0108484
vid_4_9800.jpg,18.70939548,192.4149935,97.97815004,231.3010039
vid_4_9800.jpg,630.7035688,180.109294,676,214.0730246
vid_4_9820.jpg,387.4814275,179.6170661,510.0772032,234.7465997
vid_4_9840.jpg,136.381646,191.9227655,250.1150765,236.2232837
vid_4_9860.jpg,0,198.3217293,49.23525127,236.2232837
vid_4_9880.jpg,329.8761835,156.482351,536.6642389,250.4978951
vid_4_9900.jpg,0,168.2958225,141.7975237,239.1766516
vid_4_9960.jpg,487.4289876,172.2336464,616.9176985,228.839864
vid_4_9980.jpg,221.5586307,182.5704339,348.585579,238.1921956